SalePrice1,SalePrice2
126438.63900819799,975047400.0
154864.4378825358,1199793000.0
178792.63577399022,1178095000.0
178785.44382569354,952039550.0
199148.76002319023,636708350.0
180063.28610626544,928284740.0
166991.05203309288,817597700.0
173009.39247332438,813177700.0
180297.8589737753,953409600.0
121924.90706968638,788639900.0
195362.16032910626,718591600.0
97097.1676435666,385441630.0
99504.75959104593,396611740.0
155163.47374359836,473832740.0
142638.17155656416,391984540.0
363558.26716194325,1222231400.0
248681.32143369396,1148174600.0
294580.8399987752,1112752900.0
244405.68973106987,1255982600.0
477205.18970712036,1494715500.0
299460.7120126427,1284002600.0
205882.99783079408,772617200.0
178248.6901205961,1412744700.0
180220.99516058437,503085540.0
171920.87227710712,1076713900.0
199852.67849751457,857091700.0
325006.1281002897,1513559700.0
240593.39416048623,931561700.0
209151.68770900826,871180300.0
196971.98774431832,1017138050.0
194256.54403353698,1050959000.0
100563.74891919782,850318340.0
170452.75708469993,1254273300.0
299177.2177084454,1226911700.0
296531.20575937,1128365000.0
222020.49116822868,683810900.0
192675.6407100145,558613300.0
152623.42380755994,493516580.0
151741.84538020953,450531140.0
156434.60498847647,465091900.0
174061.13255387536,567853700.0
168259.73352394052,422226780.0
295674.5639916864,1161251600.0
229888.10282933916,830178940.0
218001.65932511183,866454660.0
181049.9246419309,1042438100.0
211490.37692962383,1119687800.0
196008.3492208501,1506537000.0
167296.24734042372,904781440.0
153787.06262330132,914279100.0
154176.339838134,925657600.0
178010.0941818114,976382340.0
150385.71282817618,959714800.0
163868.41644169134,1194777500.0
177365.1315111534,1031211300.0
162112.48601591313,1363287300.0
153463.8154410625,1001408260.0
131588.71819633053,861081340.0
221183.74748491752,908436600.0
139613.7525065048,799942500.0
147293.3490733025,966297500.0
159916.7498558143,985592700.0
114933.79626277274,792460800.0
123183.42409556964,927500300.0
125879.08954345457,930283000.0
126313.44492186327,1076846600.0
101666.83128265862,732841100.0
125411.05603465346,783964400.0
141916.4417941011,769833500.0
169305.98948196552,964856200.0
130204.6417425569,665514900.0
113734.59609105281,541245440.0
139331.70017595,672462850.0
115205.40242499564,698047740.0
158268.80417655568,1055979900.0
119114.19088511317,792262900.0
80894.31337476589,827154050.0
192268.64531595886,898487550.0
243062.60448801567,909531200.0
111072.94948952021,906457860.0
145888.582161897,946804540.0
152563.6572664815,704091000.0
217800.18906642182,857137400.0
76532.88257187487,542957950.0
104937.72502026655,634420740.0
122924.960129619,645540000.0
141795.27909120463,712169340.0
137034.8875798813,674527300.0
113870.33284146962,652554240.0
148767.17680663854,711101700.0
118910.87324642595,676202500.0
136296.27436672992,855362200.0
140098.34830353662,1078179700.0
110523.01684051375,471995780.0
177363.6867632701,1285118500.0
97012.83732022975,901566100.0
126301.79207776772,917884700.0
92026.2822687421,610714900.0
113670.45855665773,720092540.0
154680.4669787483,716209340.0
155971.56270228245,1042417340.0
127779.6971091205,726886400.0
121052.40082073893,744580160.0
165918.48645978046,811232450.0
148866.59651572385,975946750.0
218238.73783772188,1570809600.0
78857.82361946531,785897700.0
227712.19680691042,1433658900.0
147360.26739578275,1422979800.0
126922.9565720135,945340400.0
132370.22806164977,849173250.0
149732.2542615739,895844700.0
241791.9079935373,1425227500.0
113104.30681287462,985915200.0
221470.18002522466,1114729300.0
208789.5707614756,1143174100.0
205545.24379630454,764495800.0
147474.936537296,1143065700.0
142940.73639442935,952875500.0
193164.31314465922,906466370.0
138300.18929767207,1177984800.0
129665.68258344194,720163840.0
323473.1998454952,1117913900.0
240792.52332279857,958855400.0
142195.71696773788,552859000.0
74142.0925995168,705960060.0
103931.02464580367,767161340.0
153838.48503360848,932961900.0
103650.21112645934,977110900.0
134165.38947642164,674803140.0
106825.20120352668,639925100.0
121303.55084291528,612589440.0
116882.07698949867,735205400.0
141209.45038460087,800491800.0
119198.85624087574,906122900.0
231325.22093700682,1052693100.0
173146.184021995,1339796000.0
186957.22253593485,1475043600.0
209090.30476144387,547066400.0
194838.04644515418,553212700.0
79137.04902446918,694304060.0
116220.23509414397,832478460.0
100878.65174093915,772262800.0
284706.5913489554,660973900.0
249259.63446875222,1051929340.0
167420.15577245326,915018800.0
168346.41844924696,1189253900.0
215225.3998248263,1049486460.0
198089.02461501077,896550340.0
162143.52952100246,873369100.0
150616.88272389927,1209862300.0
160662.9915624506,948780200.0
163955.95122417004,1047774200.0
122309.70981776762,444215420.0
90399.98997234213,352788480.0
83306.37810613598,367156700.0
89491.763864181,384957630.0
126211.91514637321,684576900.0
131150.2927909653,1022493700.0
150127.6070474802,897039040.0
137823.06320553934,922994300.0
154892.6997580176,956185800.0
294968.65369925695,1016091970.0
208400.08650269106,1169367300.0
129732.94827209538,1042768640.0
174785.37817167267,994658560.0
188094.57779222552,967613600.0
279370.86977446754,1142646500.0
177772.57610504198,817484300.0
357816.0860525749,982447170.0
222564.64722910672,800497000.0
247613.31842201191,879173000.0
166589.12166145994,823679740.0
179988.66443745524,800111200.0
178070.4721503294,852773400.0
163536.19627894572,742202050.0
174295.41819802404,1110112800.0
210658.19474300006,1175941400.0
178475.0598540723,1034189000.0
247821.67130730904,1206034300.0
183446.9603878297,1039493250.0
221783.89659564037,802437570.0
228417.82924488335,822967400.0
224951.71443148272,873245300.0
184694.58152308845,984178800.0
152153.2484588566,931469950.0
160487.58379728597,978766700.0
142437.04615487377,773260900.0
138762.2118094867,808867840.0
119636.24790023785,707881100.0
120077.41727452146,809150700.0
94185.73214469936,381482620.0
97371.12478530183,370254800.0
161378.0741231607,474982200.0
158648.934290712,431106430.0
154838.21247349776,471136900.0
155791.80991592168,478717500.0
161165.54952318597,472145600.0
145774.7124840329,400696960.0
147094.99315970865,952780000.0
438395.0784894006,1416118100.0
385068.1979563492,1236378400.0
385986.0364966422,1236305200.0
446335.23088602355,1434881500.0
314006.41188295034,1111073900.0
331466.04047842947,1458876200.0
353362.38790750474,1866551000.0
326331.57653677114,1066293250.0
291212.73713725375,1048201500.0
329480.9191081997,1257366900.0
271329.6490551643,1217749000.0
472535.8622626759,1496709600.0
303280.77606934094,1223823100.0
251149.8291787501,982345660.0
186652.09004547674,783229300.0
188658.31537489966,673569660.0
209361.68206441746,977753340.0
451181.1389174378,1492719000.0
393291.8378691601,1432326100.0
319205.7695396825,899632700.0
271959.1640924776,765532800.0
299189.37873347994,1432547800.0
192489.68302119226,564848640.0
172416.24971885455,956660000.0
175854.67874996847,843464200.0
173620.38937496237,509200830.0
167360.77901687252,844324500.0
190274.16887498257,822935040.0
191792.22267228604,936936100.0
183957.8232777111,865637000.0
172426.16667042478,798925950.0
266083.0783418853,1160439000.0
169203.4684180169,863869300.0
182344.11517258547,837964740.0
172190.32511651958,749424800.0
260892.50937685222,1397761000.0
173249.91377797892,755457900.0
347513.20037301583,1273561900.0
327476.8428689045,1102617600.0
238189.93569173824,978227260.0
264536.8168091365,1146095000.0
254823.42552296628,1079049200.0
251822.95265253683,1008296060.0
299575.0169583328,1046130940.0
246768.57966807243,916371100.0
444889.94671703293,1241606100.0
218957.9735093532,831952900.0
221141.46782755773,867837700.0
277489.34800680843,1135345000.0
227840.8746280374,814540000.0
260999.5858703212,1020252600.0
231614.61967129208,908236350.0
255778.93961190348,1059991800.0
226462.16235166427,907507600.0
198596.67014610858,835720500.0
171569.02669207912,890995700.0
163137.43913103922,756196300.0
139569.92760055605,736037900.0
205013.03159459305,985797250.0
252682.15522082002,991025000.0
164286.58372348524,1080399600.0
128812.10116348293,1051802500.0
154037.1090394689,1058732400.0
215883.39575487777,805652900.0
229566.45901255202,1091359700.0
185056.99026202117,806607400.0
172371.44661224203,758465660.0
188177.30477933018,857670400.0
162761.55426448002,926283460.0
161766.41695105034,808899100.0
121050.98352342739,840056060.0
133478.53548615656,797996200.0
125515.63713077134,822575600.0
130959.93652537058,846272200.0
131611.03283236094,741183100.0
117716.43298934009,682645800.0
360865.60042150243,1424631600.0
214881.20948370255,1094531100.0
275601.86940744205,683571650.0
187808.859970208,642880260.0
185446.9312510093,615240600.0
172669.2466655966,538809200.0
170727.65834062063,563695100.0
311591.40954669,1320197900.0
247982.51935201886,1307825700.0
269975.60912673647,974575900.0
218601.69254830238,1152859900.0
207947.63117501768,1072373500.0
158525.11469888632,922375400.0
155270.59593886274,874750200.0
226586.4678287366,1251600400.0
124612.52886508215,696070300.0
139792.03822685205,935017600.0
214841.4109318097,998767600.0
168596.16279872216,1338945000.0
119740.4111545098,723483000.0
123287.614976119,746621440.0
150842.48360628303,914839300.0
165649.9866078536,1167882000.0
160304.02775580046,904593540.0
146919.40991751332,981451900.0
174678.51909193135,924132600.0
168037.52480224523,1037745000.0
116033.68108233348,846210800.0
164639.92857620298,1003088700.0
176532.25201449587,1018154940.0
194551.46149450808,1290335000.0
142111.29570894164,850811800.0
161998.9679717743,1071994500.0
138649.93372816383,841980860.0
140552.4717808232,831567600.0
134573.9091926061,853565760.0
143084.66533868102,914652700.0
132065.08960605162,997621950.0
134205.6424062186,781391400.0
118359.5237017081,1056801000.0
120045.94384757808,760929300.0
131371.63939851391,754192200.0
117729.32212321542,830150000.0
185618.6581181002,1005367740.0
133763.89978795985,881205440.0
103308.4823344965,575708600.0
128543.17909326422,948265900.0
98345.96319853129,732997500.0
116464.44945948105,889630340.0
139525.52435179742,995749800.0
161439.9780356162,758886000.0
62996.75766666665,520347700.0
98067.98554552085,890119400.0
93108.12104470118,865361800.0
189123.9420159148,1051230850.0
152884.9113542985,962708350.0
139041.6534154299,987174300.0
140896.37787506887,769918460.0
134572.55985791964,927313660.0
122062.76774715289,785623800.0
112829.23085172847,799664260.0
126948.49207440464,716647700.0
116899.00832910182,676764350.0
126029.81602064006,749798800.0
130948.86312262736,954400260.0
153012.3358095242,791273400.0
150149.9302058631,818133600.0
139804.76075908437,814698100.0
135528.72322268406,772277500.0
115009.99737904998,549126400.0
149950.98764543454,987848800.0
123017.14595047715,1188513400.0
124472.47675641446,868092160.0
148108.97211484754,714280600.0
118395.0775025833,758938750.0
114233.57448986705,896700600.0
123422.45467828003,662810940.0
103415.30341431283,691870200.0
62271.98242102582,539602200.0
103107.20882066898,738335740.0
120459.73090684219,887886600.0
132525.03757335263,869511940.0
118256.38828417052,502890940.0
82576.12556512759,428277100.0
123443.38205807298,617733300.0
145395.40764010602,897955300.0
59880.0834112487,760203900.0
143672.34610655726,713771460.0
142214.15728225306,607292300.0
105984.19595620787,645416200.0
107046.52628318734,635423900.0
140092.5698838611,701923800.0
117409.44827131659,830221200.0
139115.85896501347,838681500.0
168702.3302935104,930991200.0
109823.60337269134,558521300.0
152175.87949985947,772344800.0
131441.93030853345,637240450.0
161418.3128098394,711732200.0
125034.56267851756,660387300.0
108909.73133928241,577887000.0
133763.17209257482,905201660.0
89978.31843483608,480352000.0
157407.2947666539,963025400.0
149139.7766890782,945338400.0
91964.56558074309,836730800.0
144677.19552166483,1007150800.0
136539.92363394692,744712700.0
139543.67665055557,1226667800.0
150307.96076031047,1219626500.0
159498.02905392466,1302173700.0
66810.94606971975,712662660.0
124494.11967958605,1188069600.0
133433.24839051312,857959300.0
150740.69632821725,882200400.0
127743.42668976696,739578000.0
134647.65507623425,553065100.0
173816.1101692037,935432640.0
147658.1857697622,1417748000.0
220135.84912726085,1019473150.0
149264.438763121,1867975300.0
135773.09968505078,776407600.0
125938.17282265579,695266050.0
152990.5218173426,774127500.0
125463.294049762,692510700.0
272137.2061031907,1203931100.0
269345.85443652404,977276500.0
269345.85443652404,979418000.0
320345.92664285714,1089011200.0
320807.3246130561,1094487600.0
242895.8624224982,918421400.0
309216.7950760267,1142878200.0
193521.5838723555,763045600.0
248467.68581211646,977789630.0
250869.97559623793,1065526800.0
176581.03246505515,994563700.0
229564.3780274841,1386980100.0
137978.27815154934,880518140.0
200176.3042080265,1245324300.0
196829.41467865303,899343900.0
212182.88080598044,1025089800.0
212891.5670010852,1035741440.0
133193.43830341412,1237898200.0
137824.245093795,700947800.0
247012.6483967138,1125181700.0
259000.64705693244,1146975500.0
200199.37320404605,871205900.0
217307.27589711084,1038332500.0
257892.95779878274,1329861100.0
305798.5876764407,1209509600.0
198532.3667957839,908162200.0
275105.4788108047,1040017660.0
167254.37973531237,955618560.0
139263.41683209347,943963970.0
144231.38043907293,506635620.0
114082.44012538984,643775740.0
142579.91212134255,1032281500.0
128751.72647423894,1008341600.0
153208.37483623967,1055020740.0
123422.54608771192,790576060.0
117620.3994030735,690563200.0
111618.01402584116,621678340.0
127992.75981059117,799875100.0
152018.9903663793,705774200.0
173032.3738413714,1148539100.0
131314.42590487486,1211799000.0
224944.33855511155,904240100.0
138744.62583885796,825047040.0
185085.2860343364,1148496400.0
157632.2932935575,1243564700.0
206106.0167316442,1449786400.0
116492.43818046307,373551360.0
135156.55742437486,391502720.0
127793.93027214686,385366140.0
198534.1169388712,1189791500.0
254438.4445182274,1510153500.0
142345.3793638804,897510340.0
63257.73312277952,807892860.0
327842.1045238095,659526500.0
73781.31198596912,1478019800.0
259669.30589835576,1008586050.0
135551.2690530125,866458800.0
158135.47331003234,893165600.0
146423.27566525055,1029788200.0
416019.3817527472,1308375600.0
320039.19645995664,1292647600.0
199244.6000255308,986817150.0
236518.10414319055,1249576200.0
228809.8557680201,924214600.0
382548.03384859586,1252153900.0
139009.62061686546,1040998700.0
157792.1980666214,1141744400.0
123925.3626118858,721962500.0
126364.2765974579,719726000.0
139407.78484376936,744070800.0
138320.95536546744,916794400.0
169922.2474597017,986297500.0
181048.60624453155,871099140.0
175712.2243047182,816081150.0
188393.22126115003,926732100.0
180520.32880291113,1227749400.0
166548.1448150273,1177368400.0
247039.49019121696,772351940.0
195654.0943164299,633554300.0
177452.40475387246,999119200.0
189725.00290852596,1189272400.0
193458.54310008854,695530100.0
314336.4717858846,1252250600.0
364092.44284908177,1380063200.0
156256.7749909099,2177619200.0
307648.34956217447,910028300.0
172097.10381662447,3112106500.0
244792.73607300277,1167017900.0
175761.42995906793,994324350.0
253184.26129463583,1577822500.0
239898.88127885628,1283866400.0
166410.93630442035,1132543000.0
208382.7909697274,998765300.0
129640.71757588003,878839940.0
272341.9015006266,1287770400.0
154634.55342486736,966384900.0
309762.7224234193,1331693800.0
138452.48292874335,884776200.0
115096.69100427834,882580200.0
119297.16339695848,707668200.0
96411.38473111518,381034240.0
102779.5690674629,408703520.0
110735.18220677301,414735070.0
160356.80262038577,461584860.0
156856.83466356836,453612100.0
290896.55018125765,1179910900.0
409646.08654418855,1382280000.0
381487.13971179543,1345854000.0
419887.1027498056,1356287900.0
423205.897562382,1312367600.0
354958.692798181,1223128300.0
275884.5356244604,928605500.0
311819.00563789497,1090538900.0
459231.8645841044,1366798200.0
275374.73417016934,1078163000.0
376870.3338701299,1549081600.0
353090.035459819,1478524700.0
316127.8519678295,1052916740.0
195996.37839773414,1066476700.0
341227.9101754658,973974500.0
228267.1899284386,737509300.0
216216.16459812864,716904450.0
175232.33729480603,486917820.0
206468.06787567225,634491200.0
207711.43798510372,635293800.0
185857.16371385523,543082900.0
177187.18866769449,854573250.0
186993.68548683653,821259400.0
218268.59261873254,880190900.0
209400.62838526294,803801200.0
211211.4691516941,901689860.0
175602.42622038786,773549440.0
243533.73515003535,1169824900.0
186425.63438210596,835439100.0
263107.7635807794,1044127200.0
311472.3372748537,1099588600.0
349426.7569716117,1205107800.0
251733.30836817398,1072472450.0
304800.6559117284,1180998300.0
262934.5268383413,1024476000.0
239136.93472745203,1188862200.0
250634.25590765485,988003300.0
262900.3227805345,978059400.0
236430.5816615355,967091840.0
225142.24827414178,861698940.0
244277.7655382851,1034161540.0
207858.69095566624,802903360.0
187916.5889493721,939746400.0
193286.24304787154,1100004500.0
148634.0227934709,1070315970.0
182709.46918949313,856112000.0
179564.16562270542,844290700.0
185309.01737651712,871776400.0
194689.39499403868,1218450700.0
187099.17363052772,859445600.0
204046.21726447693,854447900.0
125233.38840113502,807460100.0
131522.6357254748,763258200.0
118257.18271677912,776961150.0
119458.97275417863,645959300.0
172586.3733646013,1520250600.0
144316.23765370724,970986560.0
215960.65001052342,1037429570.0
360704.102780303,1202600000.0
186889.25661393206,529710900.0
150777.63723377135,488456300.0
151338.5196952165,501962620.0
171103.5463768585,487028540.0
278995.3675780475,707413760.0
250755.01104424684,645133300.0
273589.3002557853,641539200.0
270063.34448353096,659675260.0
164757.7499298777,464265400.0
203317.60931326766,1024721150.0
189604.65346748813,541079300.0
193904.94775320243,547995840.0
325305.0690627706,662084030.0
213347.28854393988,975740500.0
384127.4514141415,1983252000.0
282778.9309107232,1356115700.0
211969.61334659276,815430400.0
172949.0599201104,1026599740.0
173382.64283136785,1057241700.0
228142.74951791533,1292187900.0
132147.10404333158,946333440.0
151229.7982138444,853043500.0
131803.13773528047,761170240.0
134465.68208872463,1041619200.0
170543.6910097129,1135939100.0
107413.39052063007,692622460.0
134023.65764434834,886402800.0
144231.83000013232,979400900.0
85115.56824848383,524044320.0
163607.42761468404,936866560.0
128606.69018934958,852408960.0
128385.8923135316,751253100.0
209330.98650064107,1282944500.0
125580.9893569639,851300600.0
172366.20036098445,957553900.0
176204.81409703396,1175352000.0
139786.2922288581,927150200.0
114722.26955586723,932502800.0
135512.5376556481,876310600.0
122761.08345961472,1037511400.0
174967.04338461556,1213050400.0
137745.20260834185,822202900.0
132610.12817123602,1130391200.0
86490.31236815368,810859260.0
110132.56326556164,722616400.0
97759.18162630264,555680640.0
131333.2348070409,990276300.0
135437.49808252163,903572540.0
185879.34659457539,1027592100.0
144741.61143216552,1084514600.0
122332.80028870364,704875900.0
148239.06635090144,797411200.0
131576.6472511139,761475140.0
129992.58044456877,791682000.0
114973.89524422171,648610940.0
122249.62697784457,736225660.0
130684.37185302743,883293700.0
146282.93669602604,762863200.0
112331.59599185808,677793660.0
132392.47486978836,740930940.0
111766.47567214769,837051400.0
121537.15487442077,840678660.0
106787.66058960483,586757100.0
94139.46651562292,512292000.0
129336.16083557677,663360300.0
128420.81128031762,979560300.0
133024.51593050724,789492100.0
144669.02857051275,783188350.0
131132.2794575851,587419900.0
146590.51408212306,975983700.0
90106.7094065877,635378400.0
99545.76791572038,611941440.0
147187.33774007816,881104260.0
64572.691520115986,622994700.0
113569.23195008772,1010719740.0
122800.2694859101,868955300.0
143738.53276858738,624494340.0
105627.77777732039,783416300.0
135006.31878801074,974945800.0
128468.16514591595,659431740.0
86109.0292953328,937985900.0
249941.36640996722,1078106600.0
118371.33825440957,860943700.0
116134.09515947523,782003140.0
124751.83774372555,723552900.0
164979.7475942587,765040200.0
141949.1383217427,765204200.0
119310.3136684772,591711800.0
112651.60834429014,628318400.0
156856.93524565865,707922560.0
113871.4451095853,627071360.0
147708.01894088872,695125250.0
118167.44403820141,655658000.0
106959.25165077357,568795970.0
116875.46658653984,607811840.0
116347.49563894741,631225340.0
102929.43427243142,656254100.0
94142.49911207634,566222460.0
194333.25564989191,750344500.0
131346.8376141151,748451460.0
171331.15015125234,891540500.0
142671.76159524423,870446100.0
124831.73910182959,584988400.0
105969.66987138851,619178600.0
140967.23328423212,933983200.0
151181.50462959218,760660500.0
117292.65075397305,909392800.0
114299.58950676325,711987840.0
114253.58629086013,707043300.0
110184.3677088923,842377300.0
86505.19326377811,878000300.0
114994.26763845109,842675840.0
136174.03617067685,970137700.0
154103.91530971008,1074283000.0
135017.0758450192,904746750.0
137604.8488560694,734730500.0
139610.582626615,897780740.0
146811.26442463676,728563800.0
114205.903708257,1092138800.0
132718.66288690222,836521000.0
156871.4124644028,1161453000.0
165157.6729732342,1011885400.0
130543.56184418224,802808700.0
136354.3008702904,902474500.0
232432.65292838158,1562693400.0
136669.50793226526,572007300.0
165625.9167643561,1514313200.0
159173.88545207045,961462400.0
108749.61301038196,817222200.0
126171.97755847273,858228900.0
218304.23590390917,1083491100.0
245629.49337727987,1019195140.0
234080.29837999627,1235702400.0
222578.01022726553,990059400.0
174675.72647610374,927847040.0
250738.84942762638,952522000.0
405826.21598809527,1285858200.0
338627.29343664914,1159018000.0
252601.70595821564,1076755000.0
183267.30010404118,1031869700.0
142971.79361090012,881699000.0
210046.64067395963,911175600.0
214134.77341410448,1152887300.0
192310.46948773638,890056000.0
217422.63136522082,1103825900.0
147158.60909272634,1049963000.0
138696.2884132406,857213440.0
168159.10052399113,1174675300.0
242348.63497347888,1037392640.0
302223.8135931087,1019471500.0
319396.9356681082,1335713800.0
255489.81229972123,1066063500.0
221400.51318623743,1052837250.0
142921.64924676606,553737860.0
193061.10986140586,1054637200.0
194390.6909878086,928210400.0
228389.8508660138,1042177200.0
196052.1972620623,911398850.0
143327.11014468782,894590850.0
132339.04306841665,995751200.0
143959.6605044184,720293500.0
151278.69419631947,878929400.0
155943.95947107315,738477200.0
188591.90628664292,3248811300.0
90879.50736369564,584310800.0
93200.0038273671,635298400.0
93215.94268454383,661666050.0
99830.051104555,965286400.0
98944.02390724447,703351040.0
114859.1909539079,852946560.0
108588.9934340831,718627300.0
116280.42431143027,612048500.0
157761.61128548754,767306900.0
155661.52941868364,831986800.0
123443.9266080272,834764800.0
131057.60446143808,1209075500.0
196457.37934531414,773055600.0
167193.24614197013,905269700.0
173467.8008619878,1064499200.0
113528.81950734252,852108300.0
136989.12388304854,780373760.0
222937.34636606832,933953700.0
222622.09513523587,1128797200.0
180522.0651820176,1964832300.0
123532.76061261493,390408800.0
113348.54311677406,680926100.0
109560.18769867257,624798660.0
101300.58909708745,754437500.0
144266.17723148616,690243900.0
106982.15894521428,683969900.0
153023.07470586355,924278300.0
83007.05748302421,1059047300.0
87639.02378765913,578520770.0
73189.84426458439,550008700.0
84207.52416719894,768331200.0
329509.9716666666,661629100.0
254439.80902033937,661546100.0
256807.54660192886,1873984000.0
211507.03734608775,1028770560.0
136807.12381095157,919061900.0
174389.98798002693,1020812540.0
190798.964402581,636195260.0
276823.3717901463,1094106100.0
238931.4661002516,1139822100.0
162773.5254710644,870857800.0
210547.33866551224,1050545150.0
172477.25892187684,1125263900.0
176425.99412212544,1433442700.0
256070.09494841908,1051373300.0
195233.1891449466,887625860.0
272746.2460410763,1107720800.0
362347.35399485053,1194368900.0
200819.83841228907,915115000.0
123150.36467628431,829149200.0
165767.80890098045,611194560.0
158144.14261461212,1183342600.0
138880.3032518254,563078300.0
138389.96962596383,472264480.0
99878.68590779387,389691070.0
94634.59711209078,359154000.0
145765.31472369438,1368869400.0
103591.15142094641,357826370.0
123838.38895473111,655924200.0
124466.95248255844,662247300.0
138475.0252893594,1010486460.0
118058.92919108598,3621818000.0
171920.86980298802,1035617860.0
155620.66949933706,809342460.0
180338.6897171938,927853200.0
192978.81136738058,888202300.0
185286.78935832824,797375550.0
189360.77097364597,856423550.0
173752.7703122925,874720900.0
178731.9983746699,799725950.0
152753.84855122687,1396497900.0
188752.8192624254,604658560.0
207471.6073622781,660860800.0
331489.43639147223,1211134000.0
445245.20927053,3616758000.0
168364.6248760964,2784489000.0
286264.328794581,882784000.0
376664.1631615899,1397608000.0
364266.04396057443,1300859400.0
160518.05861559382,977964860.0
188434.06722599175,1054816100.0
252977.54131247877,1140753400.0
205372.98256480895,1080780300.0
166474.2441831795,1037531260.0
167536.12516023847,987845300.0
163751.0007787354,1136055300.0
168529.44013561736,882355260.0
174328.08202859,869187700.0
158468.70275829395,902039200.0
124592.46478085847,732492160.0
120876.98283759278,1278882300.0
175366.4483011659,585026750.0
175472.16111073468,1004999550.0
100560.42895392975,432256580.0
106189.5135310457,417837100.0
152652.15871511708,445663650.0
129974.19889068053,721791360.0
332239.22964409477,1198793700.0
270161.79844696226,1112551800.0
379193.80815205653,1351950600.0
421217.35964334966,1375626200.0
320200.1698337243,1248612400.0
410012.07979487174,1423101000.0
446963.6042642287,1417299500.0
384732.8908383559,1328490800.0
444816.9370062655,1601535000.0
285201.61512664775,1417074300.0
311662.88429234904,1003369500.0
320952.5357053571,1245436700.0
389772.4028785103,1321830800.0
320021.87038259534,1331332600.0
274870.4605656847,1143570800.0
239610.9851592533,1018479700.0
250238.46262152118,957495000.0
241662.01797541848,1025731500.0
184793.4002607808,602710100.0
185987.33520849972,607077100.0
186523.38537917123,746074000.0
223059.96657568053,655683500.0
283337.31918988016,880889600.0
213719.79829010327,713387600.0
199151.3610790464,580509300.0
170347.55428615064,1256516900.0
176588.22867732405,927580000.0
184301.68608358028,1087779600.0
175726.8305730824,843576300.0
177313.79730112918,911111940.0
179637.50245488755,1074359000.0
175568.74041252374,809953000.0
177994.1873476141,772331400.0
182046.64223387686,777422200.0
249011.99749404515,619682560.0
174977.68005795125,549347260.0
178116.50924810217,1256785700.0
168002.91380777032,945004160.0
225816.09904553453,1009417200.0
166892.65462676532,996775400.0
211565.48987150632,834689660.0
219133.28150319814,910376960.0
182655.53915443498,919032800.0
180118.15626451536,923092100.0
354980.38322827424,1263849700.0
390749.6700895562,1181519100.0
314168.3985338102,1149610200.0
262191.6275008654,1077617300.0
260073.5754649794,1128036100.0
338240.7410376453,1063369600.0
197332.4477884872,932499260.0
276562.8757323138,1119740000.0
237433.97928003554,1005741630.0
392966.7072326008,1251664400.0
227494.4299650372,960303740.0
239238.9783388697,918546600.0
222477.9323451656,886391940.0
233135.41563010757,954821250.0
241963.9604906355,912429300.0
221315.42975806288,853485250.0
194852.1229519346,873944260.0
228984.3020224877,886361200.0
151444.26070221755,943329400.0
287272.6863183903,1131164300.0
273217.03756018804,995462300.0
242942.49645274255,1105470600.0
212276.4095830401,1091625700.0
132864.76121580275,729726500.0
150646.55375339204,734150900.0
152365.78263769226,1058044400.0
203881.96725570507,808215700.0
194286.3839596268,1057103700.0
121586.40908660083,761325600.0
121224.66333948683,638298100.0
138741.68923154633,764716400.0
259002.45590455603,1624354600.0
142725.1538080464,946182000.0
150647.40270715908,1075754100.0
215637.22570818066,630736260.0
192680.52901610985,522368900.0
224012.02240227937,597409540.0
200886.99054817588,582348000.0
222996.9600778939,690434500.0
170766.95534045823,488095300.0
170713.0746102738,477056960.0
167553.05197139003,783922700.0
266750.39915953146,897948900.0
298650.6701474359,979045500.0
245040.8089007316,916482300.0
277917.9633592739,1251648300.0
358547.05358814466,1584911100.0
132837.8949875391,982640100.0
200358.32893322915,948984000.0
143884.6995546091,831325600.0
157541.9042760269,1059756800.0
187337.34949486947,1040110200.0
220521.1298229399,945864450.0
237118.70164102883,1053213700.0
151344.6154020743,954231300.0
142563.9051717013,944174700.0
134443.36640234257,776112100.0
107778.63129418988,893422460.0
127194.48094240151,731986700.0
138500.2954066202,1141624300.0
134287.40954554777,800193150.0
113406.439121555,772844160.0
158722.40325846206,855512060.0
146252.1880105895,849839740.0
197099.00884746228,939396300.0
149080.7521925127,991552000.0
191114.75138501494,1709963300.0
125951.02589824275,993058600.0
60968.84226190475,523579400.0
61189.63993600309,416673200.0
117728.43359050709,559287900.0
139068.98479282827,883120260.0
132560.89274981833,885152960.0
143682.29523853984,911055800.0
156758.89189946922,918495360.0
134047.42334303583,807430340.0
125063.0342592003,710345340.0
140063.5924349162,802719100.0
134561.00747162348,838026600.0
165393.01974976377,970679040.0
122699.2651125842,853753540.0
160499.2673725523,1071236160.0
142386.96175399178,907420350.0
131967.26049982465,976924800.0
129274.39857905352,851950460.0
129571.56180302863,927764900.0
130643.01325726924,738307300.0
120232.03033526633,764264450.0
128939.22940722453,766812700.0
129082.94452812853,786196030.0
156440.76773580452,919449700.0
121066.18374333007,1206888700.0
130054.46962400094,1149764700.0
153412.28068609614,1055433000.0
164176.85408671896,1747516400.0
122874.41553402883,951170200.0
133222.38013157164,939674240.0
174948.67294522957,952064260.0
118244.39472739046,779810200.0
126955.24925233242,788076400.0
115151.82634612272,734917500.0
135234.96153703862,741200640.0
142900.2318977776,759367500.0
146488.41118646794,798744450.0
148146.74395341717,832439000.0
108862.04645746913,632925200.0
111801.5969729804,645089000.0
125331.57910932956,686109060.0
113518.92316432297,688252540.0
123816.18380705146,670609300.0
107243.84201508659,565408400.0
107520.81416779116,457817150.0
114356.11441408478,714388200.0
126609.59166272778,824059970.0
89469.45947895055,612922750.0
125486.38112139747,923660900.0
209801.04863898837,962517100.0
135000.25375927507,906754800.0
118800.13644244777,568485400.0
151809.21632760807,848520060.0
125694.04587502552,523194880.0
213888.51409523812,1210369000.0
101702.28837424837,731874800.0
125612.43612906871,957274600.0
104231.30834903034,687038850.0
146710.1880374613,848580200.0
117397.5455593286,658932600.0
112034.89065772048,636987840.0
111639.13738147375,619388700.0
143644.8351542502,693492800.0
116652.74428983567,659919700.0
138675.137185769,687218300.0
120846.86453754417,664682900.0
152523.29265996,868041600.0
134758.3062532573,832964500.0
117041.86856967532,806228600.0
160335.5145588839,646484300.0
92320.27639089644,606343940.0
91626.13285926945,627649300.0
187668.785576481,1196851700.0
202466.46279286247,960451140.0
172053.1108259917,1029078200.0
117012.91172521729,572151000.0
104165.42780837549,916505600.0
226050.31602457992,1180453200.0
110266.95971336987,562871230.0
129252.6130861198,956209400.0
157732.13170735847,1033815200.0
113134.42313761245,1130374000.0
130964.08236756314,1106341400.0
125271.805916019,985050500.0
132177.8268990902,777448450.0
117903.30886637486,774591100.0
120668.76760650186,785766700.0
121027.23829494517,750600960.0
152872.54946930203,1158309100.0
177150.46618865817,1452026600.0
155777.98170147437,709804540.0
149860.73192086845,1002018900.0
152398.9376953698,1116868400.0
94368.31359938787,761587700.0
183085.12774103775,1005701600.0
137091.17590622941,1322340600.0
163475.94882366955,1692083300.0
110079.96003632463,1313544700.0
218078.96867817445,1209496700.0
148991.39157679235,975834700.0
114606.76564979892,593350500.0
94466.20250812566,896779650.0
129104.69256571648,517575000.0
132757.9987919998,885300600.0
150274.5962560635,1005270400.0
105546.893332745,751540000.0
178256.03805995037,1775933000.0
218433.3755302915,935856260.0
253375.0344439156,956886850.0
318470.1346525045,1088323200.0
251332.1180686165,1017778900.0
225720.6872227148,1081494700.0
235713.41495937202,893737100.0
187266.99741459926,757700400.0
216957.23300687308,914604400.0
213615.6012149553,930821300.0
229053.43325991905,1529623900.0
146797.8327177303,1144070800.0
157679.16524870307,904789000.0
131939.94967267776,794252900.0
145759.15034388332,1280451800.0
224797.88940734044,1025065200.0
208152.017107746,1108731600.0
194603.28403363872,909159900.0
223044.02629521905,921794700.0
134822.82366875236,974645760.0
137147.92646549494,813195500.0
143563.86929747707,879889540.0
140550.09861530305,842308000.0
116079.6698436046,1210328000.0
131294.61265444985,836974600.0
134437.94029494113,714928300.0
113725.15517132203,694385200.0
244227.3962449081,1105594400.0
228364.29435888102,914473860.0
199202.33220114058,853191940.0
244519.23955793056,1102618400.0
306185.44145800715,1250655700.0
230267.6348336489,1310950400.0
234772.34979699508,1381400700.0
188717.00767004714,802178200.0
188806.08878324198,854928700.0
177177.5467170797,825038850.0
183918.56193137064,814362200.0
163973.06973402845,856038660.0
129631.84647713715,888068740.0
133463.1905749109,779602370.0
131957.90869654532,1271112400.0
146470.3857806485,809651700.0
137748.60727422574,677522940.0
164635.2861038243,916974200.0
160101.2130261682,745073200.0
372168.32,3384391400.0
144135.30476964574,504748580.0
115380.91276788806,647462660.0
89052.17206711769,640899460.0
120439.60915119688,809504400.0
109148.76098837538,832309760.0
105781.75781724999,741592400.0
118113.19880724368,769470500.0
162210.99039467945,1101144000.0
137940.17499715608,768188900.0
121637.302589952,699077760.0
139343.44447032647,504781440.0
135981.22087321704,695706400.0
145393.9975386285,724793200.0
181379.59003960283,776001800.0
127510.27793102205,1031922750.0
152806.2802301297,809637250.0
129132.09605329923,687268500.0
186936.3313206545,1877945500.0
198294.31827322076,1638841300.0
123630.73234856768,384313280.0
169798.6475587284,1437411200.0
190319.8526193088,538026000.0
249542.6272838291,1644021200.0
293251.8930800474,1483472900.0
126988.095530818,721074000.0
129729.5140432789,751510400.0
154799.41608079156,908368800.0
101595.58635050783,462251230.0
82944.25693694576,848165400.0
132260.18699351582,841722500.0
130594.5146999044,727610200.0
120006.10439751636,648065700.0
286197.5855458274,776280800.0
161311.3316022366,1053370100.0
175762.36661707982,968397000.0
208294.06247593893,1147861200.0
206967.43939547325,974563400.0
151864.45301602356,784648100.0
144737.93633631064,809187460.0
227400.5175763449,647897100.0
203537.94660270543,1620340700.0
234139.5459467891,882800300.0
255721.5919953115,885778900.0
176512.54387242542,940276100.0
209490.79708143626,744861700.0
343866.60575298104,1176607000.0
178058.1365923623,830910600.0
268259.0193631312,1155987000.0
318904.89100622287,1184527700.0
160633.10226572066,2896204800.0
127911.97603637745,662712060.0
87469.64777641256,359887940.0
97149.13549955557,363504580.0
90574.4776506123,364477100.0
83784.27859367372,377117920.0
144217.78502882563,860751360.0
172002.76151345673,1327822800.0
201939.2204377128,2388544000.0
165333.94722530094,826810300.0
115415.24758795145,656626240.0
154362.88836760685,2007722600.0
154579.03655106388,985491460.0
128411.46591668784,955299140.0
119405.47863809367,890511600.0
154467.81383020946,978405600.0
138743.4378986554,939981250.0
165719.76662679063,1141811700.0
177265.23946501492,2724096800.0
231864.24252867664,1121840800.0
185818.2421535546,839371900.0
180963.6081117069,1102446800.0
187157.644396541,934546240.0
248839.44286828046,1175957900.0
263037.6267003344,1277278200.0
325841.11770972883,1274933500.0
163924.5382837899,812850800.0
184961.93903383604,538112400.0
413747.6866666667,1489888800.0
531798.0859595959,1646853500.0
347536.8010510069,1182417700.0
457088.99885714287,1513529900.0
405930.9074549964,1452403800.0
308006.2055867056,917457300.0
382717.27809213736,1576371200.0
149430.42178344852,942196740.0
197053.86336462252,997911000.0
171066.06934091187,929689340.0
257910.54031436055,1000041150.0
180046.4149490519,998354700.0
151612.32060900814,923719400.0
107852.73200068701,686753900.0
189503.17449946227,897724400.0
106264.35312136631,456372900.0
132384.79959829515,456522300.0
99516.67935235825,393155970.0
94281.2378470549,378169340.0
99100.2992850912,405632960.0
140519.1302533673,558203140.0
145702.49991525582,765702000.0
149129.23613124553,420472130.0
162149.16992707265,453609250.0
433734.3859682539,1493108100.0
250214.72911124773,1347034100.0
250555.72542910345,1135960600.0
367445.1717450397,1382325200.0
314563.7621737903,1263272700.0
340396.0692838346,1066718340.0
275329.53183529223,1189237400.0
306455.59989999025,1062835840.0
317590.58144875383,1171115800.0
345468.4290935269,1283249200.0
342279.0833354218,1354347600.0
279428.0546842746,1216763100.0
285895.4362591442,751674100.0
301471.467068323,919903000.0
285451.33988243784,808094460.0
174064.4927069517,914811000.0
182286.76348272676,920815800.0
176690.52989898773,1018591200.0
285747.5394907967,1124482700.0
182867.74378922963,855909900.0
181482.3108071819,530497340.0
206196.22492969342,559406900.0
201921.9138040004,570005900.0
172488.57972626504,488584130.0
190873.11090613052,877388160.0
191784.61284877054,897836300.0
257855.43992016997,1140777200.0
275778.6259015745,1002630700.0
267144.4804240659,1014492600.0
405815.20991883107,1126856000.0
321450.1320935176,1112918900.0
520399.4748484848,1641124900.0
308896.45514791005,1096006000.0
340609.69720764196,1243665700.0
263051.49328247143,1139281000.0
326420.4504820369,1343769600.0
233602.60458880145,1010007100.0
219135.54147427567,842152300.0
485556.40962301585,1333023500.0
187240.18673244768,833045760.0
135902.92942357287,748012500.0
195351.97627955492,1007437400.0
134375.82441708344,1054466200.0
195108.29768175643,820523260.0
189317.99098761837,789842400.0
191580.29017615216,867603840.0
195868.91063548703,935178750.0
180246.67802090387,791578600.0
168898.94286072676,746992450.0
151539.9554332723,836300400.0
113428.9150249918,825876200.0
153042.90086023114,822261600.0
140480.64203545175,865030000.0
127200.75627854983,837180540.0
120745.96063369534,768557600.0
123246.45666262002,793302400.0
135410.80983842825,1063839200.0
114944.5383560036,743680200.0
123333.90267633946,803135170.0
293628.555004329,1364630500.0
361894.1495106793,1213541400.0
183908.0428769313,531176320.0
151164.4484310073,439887870.0
172450.70459999252,535953600.0
165887.34655074167,534119600.0
190305.70060715108,832066000.0
231841.95545964022,803514000.0
154922.124481864,1112143200.0
159040.27313381198,964678100.0
143960.43998146674,876356540.0
166922.44997731593,890691100.0
144449.04800464187,864603500.0
128807.26533350104,775744300.0
138076.09359649834,884459200.0
147644.97436240443,888191900.0
175874.0483791448,881267460.0
168261.23155268148,944356500.0
157646.02522670836,873187460.0
145111.52594710496,967436350.0
120415.36255019844,770778240.0
115784.1088375612,851826800.0
160968.56259525192,930460300.0
148902.68427830262,1005570560.0
137508.07290713914,896590600.0
141252.44831932173,892724000.0
124910.37587237297,860289000.0
134582.97102096266,892919700.0
157336.07293214067,1086406300.0
134248.47184374795,870402750.0
148703.560642777,834608500.0
153942.09904978366,924605250.0
151297.82199138965,936188600.0
146561.53721232715,929221900.0
139746.7024777649,791631550.0
133398.14608383304,1047082500.0
150949.00481156737,918061200.0
124921.24968128676,728835900.0
128257.45740013248,949041600.0
137852.55734321545,1070676200.0
125266.40466325464,1186941700.0
233255.68020883464,1632237800.0
154160.09389069048,1130526200.0
198064.2148134379,1849160000.0
124493.75915533755,750547900.0
98940.63889311648,850738500.0
76975.93573752785,890994800.0
89664.73518311227,633783940.0
153570.54607347588,760719600.0
131868.2619330372,1002712060.0
148890.62471294546,934914600.0
145674.37561781227,893999700.0
195771.26801393917,1050982340.0
172618.8980967056,973616900.0
261168.27539781271,1542447900.0
144541.2611853196,1061501060.0
90182.55973672972,733619900.0
129671.67604364044,847280100.0
120786.45759970348,738477440.0
148213.19970643148,749952800.0
124876.95988918193,684299460.0
124994.13228040976,707569300.0
134670.14303626915,951980540.0
138584.6541003924,933886600.0
135546.79708718054,676817200.0
145334.18059497303,883407000.0
149395.17664463216,706210750.0
123999.78708436734,491226180.0
120905.61692123013,826651500.0
110381.30236970086,740204200.0
103018.79776650692,587591100.0
100144.3249794872,679133760.0
108396.40734106893,751600300.0
129526.92784446005,646206340.0
132798.06432391753,692173600.0
80291.79095439444,669672500.0
116291.59092912296,855123200.0
92630.9686753141,591320960.0
219208.71643843275,779707800.0
95282.36870840895,628100200.0
116073.12048627174,856134500.0
82622.59523593073,551894340.0
171877.01174291715,1035472500.0
104525.71263217974,647451650.0
115683.4566688084,652821100.0
105009.29741064731,933327500.0
175671.3859563241,2386004200.0
120122.8634741979,916728640.0
117134.51025760482,726778100.0
80758.55814789893,756959100.0
114466.38288508542,708418200.0
139345.29075023232,1041833860.0
153365.38236464967,1077644200.0
150346.86980247282,1537947900.0
97048.59419184513,713199700.0
91563.04006016775,563966100.0
149924.67716517198,626540000.0
147852.70176475093,1003247740.0
131485.07903371545,888192640.0
138142.71607430876,837484500.0
157392.27519600966,917565700.0
143825.90924254086,753285500.0
166135.38811160688,999962750.0
167841.20710375256,928935700.0
104517.12862696264,1284038700.0
250769.38709677267,1614454500.0
129752.17447323591,1048038660.0
130421.57235551946,909985150.0
183384.5215484692,442011600.0
135418.10679567876,893573100.0
105420.46506457348,673048300.0
186525.02221769356,1543288600.0
219482.63488455984,1781174900.0
179502.13909662067,1082108700.0
151795.7841080602,1018305700.0
136052.18216478665,910920100.0
144773.14026859906,907059300.0
207424.52890019547,1178086700.0
169042.21549635776,890236300.0
225583.82249567338,1045337340.0
191503.57918020868,778608800.0
216693.195285693,1235873800.0
291769.5433826527,1109897100.0
217515.0328583777,1016159900.0
225233.8358391486,939706600.0
194714.8417308621,915149600.0
173325.91652623436,1069267600.0
148124.29143500252,1061573600.0
183433.10713929753,1065907840.0
192041.40186676793,888809500.0
204031.46384706444,914960450.0
222781.76106453524,1178840000.0
149340.8837822887,817418560.0
155673.67777745458,950938300.0
125096.26864393575,694340200.0
210320.780288097,968383940.0
203002.46577091512,938611300.0
224350.80580256012,1015023170.0
212111.12960760243,885203300.0
280420.60467677255,1077183900.0
236696.47723963115,1648663800.0
226611.4915078572,1078293800.0
231506.98543835417,1071189760.0
142442.77387755294,553997600.0
195836.63722884105,892292860.0
209572.89581610507,860978300.0
192368.80214330583,836414800.0
198367.22608635653,883408100.0
139387.04822185007,828736500.0
126666.87574224232,769718600.0
125639.05163772975,1275991200.0
196414.75670901197,788213500.0
123206.36059351666,744298900.0
262057.88973390535,1076907500.0
144515.35892540685,507164260.0
137256.09644402846,503625600.0
95260.02982119104,660144800.0
115765.94194461913,770301950.0
123182.40000625877,856283840.0
165815.56133562297,1288838700.0
106277.19943269955,763017600.0
60496.27513538748,675064060.0
105218.12082530172,953450000.0
142894.0355632294,992698240.0
117911.46328190029,698774300.0
160683.10829075842,741554700.0
141159.5208186612,609399940.0
175049.53287783155,879994900.0
147975.9994377422,934581300.0
106123.06663042711,669145500.0
152622.86527447548,1591544800.0
167766.32323912156,1089477600.0
167727.6813916649,855149950.0
179704.2992676852,1051750500.0
189010.71902190428,1172151400.0
199115.58710084032,1370881200.0
104178.9839670757,711158660.0
126966.29091747144,729769500.0
67135.71074657724,707834940.0
88758.25323456565,641343000.0
131855.15732598247,888481000.0
60079.84368126753,913005950.0
108986.12479754098,811211650.0
64491.59845299785,720303600.0
313019.2962087829,802744060.0
288726.9870848861,667799360.0
193313.02086693828,1777782500.0
147572.7200386188,878637200.0
233678.51927260138,900453400.0
159146.8095921311,988270300.0
175341.9168505231,3316601000.0
180618.03119195867,853614140.0
354047.4370589049,1271635500.0
351700.20872792066,1162099300.0
115001.87504219997,2100453900.0
196209.18953009788,802866800.0
116108.99772713735,433687870.0
126367.0646050552,870654340.0
149835.57353810297,1090932400.0
85280.15096894397,314466800.0
86636.36206212685,358693500.0
151530.58607218505,1113576000.0
88055.3150023628,366609340.0
85973.40500475506,346346600.0
86077.92339529947,369315600.0
87984.18042241587,384017920.0
149748.87968984694,1530419000.0
111960.33596995947,883097200.0
228194.5044869734,983908200.0
